[{"name":"Use Logo Image in Place of Store Name","default":false,"value":"True"},{"name":"Logo","default":"","value":"/Shared/Themes/UltraStore/images/Logo.png"},{"name":"Tagline","default":"##STORENAME## Rocks!","value":"##STORENAME## Rocks!"},{"name":"Show Tagline in Header","default":true,"value":"False"},{"name":"Show Phone Number in Header","default":true,"value":"True"},{"name":"Show Email Address in Header","default":true,"value":"True"},{"name":"Show Search as Dropdown","default":true,"value":"True"},{"name":"Show Customer Login as Dropdown","default":true,"value":"True"},{"name":"Show Shopping Cart as Dropdown","default":true,"value":"True"},{"name":"Show Phone Number in Footer","default":true,"value":"True"},{"name":"Show Email Address in Footer","default":true,"value":"True"},{"name":"Show Address in Footer","default":"True","value":"True","page_type":""},{"name":"Show Accepted Cards in Footer","default":"True","value":"True","page_type":""},{"name":"Show Facebook Icon","default":true,"value":"True"},{"name":"Show Twitter Icon","default":true,"value":"True"},{"name":"Show Youtube Icon","default":true,"value":"True"},{"name":"Show Google+ Icon","default":true,"value":"True"},{"name":"Show Tumblr Icon","default":true,"value":"True"},{"name":"Show Instagram Icon","default":true,"value":"True"},{"name":"Facebook Page URL","default":"http://www.facebook.com/americommerce","value":"http://www.facebook.com/americommerce"},{"name":"Twitter Page URL","default":"http://www.twitter.com/americommerce","value":"http://www.twitter.com/americommerce"},{"name":"Youtube Page URL","default":"http://www.youtube.com/americommerce","value":"http://www.youtube.com/americommerce"},{"name":"Tumblr Page URL","default":"http://americommerce.tumblr.com","value":"http://americommerce.tumblr.com"},{"name":"Google Plus Page URL","default":"https://plus.google.com/+Americommerce","value":"https://plus.google.com/+Americommerce"},{"name":"Instagram Page URL","default":"http://instagram.com/txbeardco","value":"http://instagram.com/capitalonespark"},{"name":"Specify Favicon Location","default":true,"value":"False"},{"name":"Favicon","default":"","value":""},{"name":"Show Floating Order Summary","default":true,"page_type":"OnePageCheckOut"},{"name":"Show Wishlist Button","default":"True","page_type":"ProductDetails","value":"True"},{"name":"Show Quantity Spinner (Product)","default":"True","page_type":"ProductDetails","value":"True"},{"name":"Show Reviews In Tab","default":true,"page_type":"ProductDetails","value":"True"},{"name":"Show Product Quickview on Category","default":true,"page_type":"Category","value":"True"},{"name":"Show Product Quickview on Search Page","default":true,"page_type":"Search","value":"True"},{"name":"Show Product Quickview on Manufacturer","default":true,"page_type":"Manufacturer","value":"True"},{"name":"Show Product Quickview on Homepage","default":true,"page_type":"Default","value":true},{"name":"Show Pinterest Icon","default":true,"value":"True"},{"name":"Pinterest Page URL","default":"http://www.pinterest.com","value":"http://www.pinterest.com"}]