ProductPricingID,ItemID,ItemNumber,PriceStore,PriceCustomerLevel,PriceVariant,PriceVariantInventory,PriceStartDate,PriceEndDate,PriceQuantity,Cost,Price,PriceVariantSurcharge,PriceCalculation,DeletePricing
9141,233,PT-2183,,,,,,,100,0,0.225,,,
9142,233,PT-2183,,,,,,,300,0,0.22,,,
9143,233,PT-2183,,,,,,,500,0,0.215,,,
9144,233,PT-2183,,,,,,,1000,0,0.21,,,
9145,233,PT-2183,,,,,,,2500,0,0.205,,,
9146,233,PT-2183,,,,,,,5000,0,0.2,,,
9147,233,PT-2183,,,,,,,10000,0,0.195,,,
9148,234,PT-845,,,,,,,100,0,0.24,,,
9149,234,PT-845,,,,,,,300,0,0.235,,,
9150,234,PT-845,,,,,,,500,0,0.23,,,
9151,234,PT-845,,,,,,,1000,0,0.225,,,
9152,234,PT-845,,,,,,,2500,0,0.22,,,
9153,234,PT-845,,,,,,,5000,0,0.215,,,
9154,234,PT-845,,,,,,,10000,0,0.21,,,
9155,235,PT-840,,,,,,,100,0,0.245,,,
9156,235,PT-840,,,,,,,300,0,0.24,,,
9157,235,PT-840,,,,,,,500,0,0.235,,,
9158,235,PT-840,,,,,,,1000,0,0.23,,,
9159,235,PT-840,,,,,,,2500,0,0.225,,,
9160,235,PT-840,,,,,,,5000,0,0.22,,,
9161,235,PT-840,,,,,,,10000,0,0.215,,,
9162,236,PT-2120,,,,,,,100,0,0.255,,,
9163,236,PT-2120,,,,,,,300,0,0.25,,,
9164,236,PT-2120,,,,,,,500,0,0.245,,,
9165,236,PT-2120,,,,,,,1000,0,0.24,,,
9166,236,PT-2120,,,,,,,2500,0,0.235,,,
9167,236,PT-2120,,,,,,,5000,0,0.23,,,
9168,236,PT-2120,,,,,,,10000,0,0.225,,,
9169,237,PT-510,,,,,,,100,0,0.275,,,
9170,237,PT-510,,,,,,,300,0,0.27,,,
9171,237,PT-510,,,,,,,500,0,0.265,,,
9172,237,PT-510,,,,,,,1000,0,0.26,,,
9173,237,PT-510,,,,,,,2500,0,0.255,,,
9174,237,PT-510,,,,,,,5000,0,0.25,,,
9175,237,PT-510,,,,,,,10000,0,0.245,,,
9176,238,PT-2244,,,,,,,100,0,0.28,,,
9177,238,PT-2244,,,,,,,300,0,0.275,,,
9178,238,PT-2244,,,,,,,500,0,0.27,,,
9179,238,PT-2244,,,,,,,1000,0,0.265,,,
9180,238,PT-2244,,,,,,,2500,0,0.26,,,
9181,238,PT-2244,,,,,,,5000,0,0.255,,,
9182,238,PT-2244,,,,,,,10000,0,0.25,,,
9183,239,PT-600,,,,,,,100,0,0.285,,,
9184,239,PT-600,,,,,,,300,0,0.28,,,
9185,239,PT-600,,,,,,,500,0,0.275,,,
9186,239,PT-600,,,,,,,1000,0,0.27,,,
9187,239,PT-600,,,,,,,2500,0,0.265,,,
9188,239,PT-600,,,,,,,5000,0,0.26,,,
9189,239,PT-600,,,,,,,10000,0,0.255,,,
9190,240,PT-800,,,,,,,100,0,0.33,,,
9191,240,PT-800,,,,,,,300,0,0.325,,,
9192,240,PT-800,,,,,,,500,0,0.32,,,
9193,240,PT-800,,,,,,,1000,0,0.315,,,
9194,240,PT-800,,,,,,,2500,0,0.31,,,
9195,240,PT-800,,,,,,,5000,0,0.305,,,
9196,240,PT-800,,,,,,,10000,0,0.3,,,
9197,241,PT-650,,,,,,,100,0,0.3,,,
9198,241,PT-650,,,,,,,300,0,0.295,,,
9199,241,PT-650,,,,,,,500,0,0.29,,,
9200,241,PT-650,,,,,,,1000,0,0.285,,,
9201,241,PT-650,,,,,,,2500,0,0.28,,,
9202,241,PT-650,,,,,,,5000,0,0.275,,,
9203,241,PT-650,,,,,,,10000,0,0.27,,,
9204,242,PT-832,,,,,,,100,0,0.305,,,
9205,242,PT-832,,,,,,,300,0,0.3,,,
9206,242,PT-832,,,,,,,500,0,0.295,,,
9207,242,PT-832,,,,,,,1000,0,0.29,,,
9208,242,PT-832,,,,,,,2500,0,0.285,,,
9209,242,PT-832,,,,,,,5000,0,0.28,,,
9210,242,PT-832,,,,,,,10000,0,0.275,,,
9211,243,PT-900,,,,,,,100,0,0.38,,,
9212,243,PT-900,,,,,,,300,0,0.375,,,
9213,243,PT-900,,,,,,,500,0,0.37,,,
9214,243,PT-900,,,,,,,1000,0,0.365,,,
9215,243,PT-900,,,,,,,2500,0,0.36,,,
9216,243,PT-900,,,,,,,5000,0,0.355,,,
9217,243,PT-900,,,,,,,10000,0,0.35,,,
9218,244,PT-1262,,,,,,,100,0,0.41,,,
9219,244,PT-1262,,,,,,,300,0,0.405,,,
9220,244,PT-1262,,,,,,,500,0,0.4,,,
9221,244,PT-1262,,,,,,,1000,0,0.395,,,
9222,244,PT-1262,,,,,,,2500,0,0.39,,,
9223,244,PT-1262,,,,,,,5000,0,0.385,,,
9224,244,PT-1262,,,,,,,10000,0,0.38,,,
9225,245,PT-1885,,,,,,,100,0,0.235,,,
9226,245,PT-1885,,,,,,,300,0,0.23,,,
9227,245,PT-1885,,,,,,,500,0,0.225,,,
9228,245,PT-1885,,,,,,,1000,0,0.22,,,
9229,245,PT-1885,,,,,,,2500,0,0.215,,,
9230,245,PT-1885,,,,,,,5000,0,0.21,,,
9231,245,PT-1885,,,,,,,10000,0,0.205,,,
9232,246,PT-1221,,,,,,,100,0,0.215,,,
9233,246,PT-1221,,,,,,,300,0,0.21,,,
9234,246,PT-1221,,,,,,,500,0,0.205,,,
9235,246,PT-1221,,,,,,,1000,0,0.2,,,
9236,246,PT-1221,,,,,,,2500,0,0.195,,,
9237,246,PT-1221,,,,,,,5000,0,0.19,,,
9238,246,PT-1221,,,,,,,10000,0,0.185,,,
9239,247,PT-1774,,,,,,,100,0,0.215,,,
9240,247,PT-1774,,,,,,,300,0,0.21,,,
9241,247,PT-1774,,,,,,,500,0,0.205,,,
9242,247,PT-1774,,,,,,,1000,0,0.2,,,
9243,247,PT-1774,,,,,,,2500,0,0.195,,,
9244,247,PT-1774,,,,,,,5000,0,0.19,,,
9245,247,PT-1774,,,,,,,10000,0,0.185,,,
9246,248,PT-2662,,,,,,,100,0,0.215,,,
9247,248,PT-2662,,,,,,,300,0,0.21,,,
9248,248,PT-2662,,,,,,,500,0,0.205,,,
9249,248,PT-2662,,,,,,,1000,0,0.2,,,
9250,248,PT-2662,,,,,,,2500,0,0.195,,,
9251,248,PT-2662,,,,,,,5000,0,0.19,,,
9252,248,PT-2662,,,,,,,10000,0,0.185,,,
9253,249,PT-1753,,,,,,,100,0,0.23,,,
9254,249,PT-1753,,,,,,,300,0,0.225,,,
9255,249,PT-1753,,,,,,,500,0,0.22,,,
9256,249,PT-1753,,,,,,,1000,0,0.215,,,
9257,249,PT-1753,,,,,,,2500,0,0.21,,,
9258,249,PT-1753,,,,,,,5000,0,0.205,,,
9259,249,PT-1753,,,,,,,10000,0,0.2,,,
9260,250,PT-1692,,,,,,,100,0,0.245,,,
9261,250,PT-1692,,,,,,,300,0,0.24,,,
9262,250,PT-1692,,,,,,,500,0,0.235,,,
9263,250,PT-1692,,,,,,,1000,0,0.23,,,
9264,250,PT-1692,,,,,,,2500,0,0.225,,,
9265,250,PT-1692,,,,,,,5000,0,0.22,,,
9266,250,PT-1692,,,,,,,10000,0,0.215,,,
9267,251,PT-1715,,,,,,,100,0,0.23,,,
9268,251,PT-1715,,,,,,,300,0,0.225,,,
9269,251,PT-1715,,,,,,,500,0,0.22,,,
9270,251,PT-1715,,,,,,,1000,0,0.215,,,
9271,251,PT-1715,,,,,,,2500,0,0.21,,,
9272,251,PT-1715,,,,,,,5000,0,0.205,,,
9273,251,PT-1715,,,,,,,10000,0,0.2,,,
9274,252,PT-2429,,,,,,,100,0,0.245,,,
9275,252,PT-2429,,,,,,,300,0,0.24,,,
9276,252,PT-2429,,,,,,,500,0,0.235,,,
9277,252,PT-2429,,,,,,,1000,0,0.23,,,
9278,252,PT-2429,,,,,,,2500,0,0.225,,,
9279,252,PT-2429,,,,,,,5000,0,0.22,,,
9280,252,PT-2429,,,,,,,10000,0,0.215,,,
9281,253,PT-654,,,,,,,100,0,0.245,,,
9282,253,PT-654,,,,,,,300,0,0.24,,,
9283,253,PT-654,,,,,,,500,0,0.235,,,
9284,253,PT-654,,,,,,,1000,0,0.23,,,
9285,253,PT-654,,,,,,,2500,0,0.225,,,
9286,253,PT-654,,,,,,,5000,0,0.22,,,
9287,253,PT-654,,,,,,,10000,0,0.215,,,
9288,254,PT-1459,,,,,,,100,0,0.25,,,
9289,254,PT-1459,,,,,,,300,0,0.245,,,
9290,254,PT-1459,,,,,,,500,0,0.24,,,
9291,254,PT-1459,,,,,,,1000,0,0.235,,,
9292,254,PT-1459,,,,,,,2500,0,0.23,,,
9293,254,PT-1459,,,,,,,5000,0,0.225,,,
9294,254,PT-1459,,,,,,,10000,0,0.22,,,
9295,255,PT-2728,,,,,,,100,0,0.225,,,
9296,255,PT-2728,,,,,,,300,0,0.22,,,
9297,255,PT-2728,,,,,,,500,0,0.215,,,
9298,255,PT-2728,,,,,,,1000,0,0.21,,,
9299,255,PT-2728,,,,,,,2500,0,0.195,,,
9300,255,PT-2728,,,,,,,5000,0,0.2,,,
9301,255,PT-2728,,,,,,,10000,0,0.195,,,
9302,256,PT-682,,,,,,,100,0,0.23,,,
9303,256,PT-682,,,,,,,300,0,0.225,,,
9304,256,PT-682,,,,,,,500,0,0.22,,,
9305,256,PT-682,,,,,,,1000,0,0.215,,,
9306,256,PT-682,,,,,,,2500,0,0.21,,,
9307,256,PT-682,,,,,,,5000,0,0.205,,,
9308,256,PT-682,,,,,,,10000,0,0.2,,,
9309,257,PT-656,,,,,,,100,0,0.235,,,
9310,257,PT-656,,,,,,,300,0,0.23,,,
9311,257,PT-656,,,,,,,500,0,0.225,,,
9312,257,PT-656,,,,,,,1000,0,0.22,,,
9313,257,PT-656,,,,,,,2500,0,0.215,,,
9314,257,PT-656,,,,,,,5000,0,0.21,,,
9315,257,PT-656,,,,,,,10000,0,0.205,,,
9316,258,PT-2385,,,,,,,100,0,0.23,,,
9317,258,PT-2385,,,,,,,300,0,0.225,,,
9318,258,PT-2385,,,,,,,500,0,0.22,,,
9319,258,PT-2385,,,,,,,1000,0,0.215,,,
9320,258,PT-2385,,,,,,,2500,0,0.21,,,
9321,258,PT-2385,,,,,,,5000,0,0.205,,,
9322,258,PT-2385,,,,,,,10000,0,0.2,,,
9323,259,PT-1733,,,,,,,100,0,0.23,,,
9324,259,PT-1733,,,,,,,300,0,0.225,,,
9325,259,PT-1733,,,,,,,500,0,0.22,,,
9326,259,PT-1733,,,,,,,1000,0,0.215,,,
9327,259,PT-1733,,,,,,,2500,0,0.21,,,
9328,259,PT-1733,,,,,,,5000,0,0.205,,,
9329,259,PT-1733,,,,,,,10000,0,0.2,,,
9330,260,PT-1323,,,,,,,100,0,0.23,,,
9331,260,PT-1323,,,,,,,300,0,0.225,,,
9332,260,PT-1323,,,,,,,500,0,0.22,,,
9333,260,PT-1323,,,,,,,1000,0,0.215,,,
9334,260,PT-1323,,,,,,,2500,0,0.21,,,
9335,260,PT-1323,,,,,,,5000,0,0.205,,,
9336,260,PT-1323,,,,,,,10000,0,0.2,,,
9337,261,PT-1946,,,,,,,100,0,0.23,,,
9338,261,PT-1946,,,,,,,300,0,0.225,,,
9339,261,PT-1946,,,,,,,500,0,0.22,,,
9340,261,PT-1946,,,,,,,1000,0,0.215,,,
9341,261,PT-1946,,,,,,,2500,0,0.21,,,
9342,261,PT-1946,,,,,,,5000,0,0.205,,,
9343,261,PT-1946,,,,,,,10000,0,0.2,,,
9344,262,PT-2356,,,,,,,100,0,0.235,,,
9345,262,PT-2356,,,,,,,300,0,0.23,,,
9346,262,PT-2356,,,,,,,500,0,0.225,,,
9347,262,PT-2356,,,,,,,1000,0,0.22,,,
9348,262,PT-2356,,,,,,,2500,0,0.215,,,
9349,262,PT-2356,,,,,,,5000,0,0.21,,,
9350,262,PT-2356,,,,,,,10000,0,0.205,,,
9351,263,PT-1210,,,,,,,100,0,0.23,,,
9352,263,PT-1210,,,,,,,300,0,0.225,,,
9353,263,PT-1210,,,,,,,500,0,0.22,,,
9354,263,PT-1210,,,,,,,1000,0,0.215,,,
9355,263,PT-1210,,,,,,,2500,0,0.21,,,
9356,263,PT-1210,,,,,,,5000,0,0.205,,,
9357,263,PT-1210,,,,,,,10000,0,0.2,,,
9358,264,PT-2315,,,,,,,100,0,0.225,,,
9359,264,PT-2315,,,,,,,300,0,0.22,,,
9360,264,PT-2315,,,,,,,500,0,0.215,,,
9361,264,PT-2315,,,,,,,1000,0,0.21,,,
9362,264,PT-2315,,,,,,,2500,0,0.205,,,
9363,264,PT-2315,,,,,,,5000,0,0.2,,,
9364,264,PT-2315,,,,,,,10000,0,0.195,,,
9365,265,PT-2692,,,,,,,100,0,0.23,,,
9366,265,PT-2692,,,,,,,300,0,0.225,,,
9367,265,PT-2692,,,,,,,500,0,0.22,,,
9368,265,PT-2692,,,,,,,1000,0,0.215,,,
9369,265,PT-2692,,,,,,,2500,0,0.21,,,
9370,265,PT-2692,,,,,,,5000,0,0.205,,,
9371,265,PT-2692,,,,,,,10000,0,0.2,,,
9372,266,PT-2666,,,,,,,100,0,0.255,,,
9373,266,PT-2666,,,,,,,300,0,0.25,,,
9374,266,PT-2666,,,,,,,500,0,0.245,,,
9375,266,PT-2666,,,,,,,1000,0,0.24,,,
9376,266,PT-2666,,,,,,,2500,0,0.235,,,
9377,266,PT-2666,,,,,,,5000,0,0.23,,,
9378,266,PT-2666,,,,,,,10000,0,0.225,,,
9379,267,PT-2598,,,,,,,100,0,0.235,,,
9380,267,PT-2598,,,,,,,300,0,0.23,,,
9381,267,PT-2598,,,,,,,500,0,0.225,,,
9382,267,PT-2598,,,,,,,1000,0,0.22,,,
9383,267,PT-2598,,,,,,,2500,0,0.215,,,
9384,267,PT-2598,,,,,,,5000,0,0.21,,,
9385,267,PT-2598,,,,,,,10000,0,0.205,,,
9386,268,PT-2376,,,,,,,100,0,0.24,,,
9387,268,PT-2376,,,,,,,300,0,0.235,,,
9388,268,PT-2376,,,,,,,500,0,0.23,,,
9389,268,PT-2376,,,,,,,1000,0,0.225,,,
9390,268,PT-2376,,,,,,,2500,0,0.22,,,
9391,268,PT-2376,,,,,,,5000,0,0.215,,,
9392,268,PT-2376,,,,,,,10000,0,0.21,,,
9393,269,PT-1907,,,,,,,100,0,0.24,,,
9394,269,PT-1907,,,,,,,300,0,0.235,,,
9395,269,PT-1907,,,,,,,500,0,0.23,,,
9396,269,PT-1907,,,,,,,1000,0,0.225,,,
9397,269,PT-1907,,,,,,,2500,0,0.22,,,
9398,269,PT-1907,,,,,,,5000,0,0.215,,,
9399,269,PT-1907,,,,,,,10000,0,0.21,,,
9400,270,PT-1751,,,,,,,100,0,0.23,,,
9401,270,PT-1751,,,,,,,300,0,0.225,,,
9402,270,PT-1751,,,,,,,500,0,0.22,,,
9403,270,PT-1751,,,,,,,1000,0,0.215,,,
9404,270,PT-1751,,,,,,,2500,0,0.21,,,
9405,270,PT-1751,,,,,,,5000,0,0.205,,,
9406,270,PT-1751,,,,,,,10000,0,0.2,,,
9407,271,PT-1896,,,,,,,100,0,0.24,,,
9408,271,PT-1896,,,,,,,300,0,0.235,,,
9409,271,PT-1896,,,,,,,500,0,0.23,,,
9410,271,PT-1896,,,,,,,1000,0,0.225,,,
9411,271,PT-1896,,,,,,,2500,0,0.22,,,
9412,271,PT-1896,,,,,,,5000,0,0.215,,,
9413,271,PT-1896,,,,,,,10000,0,0.21,,,
9414,272,PT-2609,,,,,,,100,0,0.24,,,
9415,272,PT-2609,,,,,,,300,0,0.235,,,
9416,272,PT-2609,,,,,,,500,0,0.23,,,
9417,272,PT-2609,,,,,,,1000,0,0.225,,,
9418,272,PT-2609,,,,,,,2500,0,0.22,,,
9419,272,PT-2609,,,,,,,5000,0,0.215,,,
9420,272,PT-2609,,,,,,,10000,0,0.21,,,
9421,273,PT-1685,,,,,,,100,0,0.24,,,
9422,273,PT-1685,,,,,,,300,0,0.235,,,
9423,273,PT-1685,,,,,,,500,0,0.23,,,
9424,273,PT-1685,,,,,,,1000,0,0.225,,,
9425,273,PT-1685,,,,,,,2500,0,0.22,,,
9426,273,PT-1685,,,,,,,5000,0,0.215,,,
9427,273,PT-1685,,,,,,,10000,0,0.21,,,
9428,274,PT-1879,,,,,,,100,0,0.25,,,
9429,274,PT-1879,,,,,,,300,0,0.245,,,
9430,274,PT-1879,,,,,,,500,0,0.24,,,
9431,274,PT-1879,,,,,,,1000,0,0.235,,,
9432,274,PT-1879,,,,,,,2500,0,0.23,,,
9433,274,PT-1879,,,,,,,5000,0,0.225,,,
9434,274,PT-1879,,,,,,,10000,0,0.22,,,
9435,275,PT-1956,,,,,,,100,0,0.255,,,
9436,275,PT-1956,,,,,,,300,0,0.25,,,
9437,275,PT-1956,,,,,,,500,0,0.245,,,
9438,275,PT-1956,,,,,,,1000,0,0.24,,,
9439,275,PT-1956,,,,,,,2500,0,0.235,,,
9440,275,PT-1956,,,,,,,5000,0,0.23,,,
9441,275,PT-1956,,,,,,,10000,0,0.225,,,
9442,276,PT-2061,,,,,,,100,0,0.255,,,
9443,276,PT-2061,,,,,,,300,0,0.25,,,
9444,276,PT-2061,,,,,,,500,0,0.245,,,
9445,276,PT-2061,,,,,,,1000,0,0.24,,,
9446,276,PT-2061,,,,,,,2500,0,0.235,,,
9447,276,PT-2061,,,,,,,5000,0,0.23,,,
9448,276,PT-2061,,,,,,,10000,0,0.225,,,
9449,277,PT-2500,,,,,,,100,0,0.235,,,
9450,277,PT-2500,,,,,,,300,0,0.23,,,
9451,277,PT-2500,,,,,,,500,0,0.225,,,
9452,277,PT-2500,,,,,,,1000,0,0.22,,,
9453,277,PT-2500,,,,,,,2500,0,0.215,,,
9454,277,PT-2500,,,,,,,5000,0,0.21,,,
9455,277,PT-2500,,,,,,,10000,0,0.205,,,
9456,278,PT-846,,,,,,,100,0,0.24,,,
9457,278,PT-846,,,,,,,300,0,0.235,,,
9458,278,PT-846,,,,,,,500,0,0.23,,,
9459,278,PT-846,,,,,,,1000,0,0.225,,,
9460,278,PT-846,,,,,,,2500,0,0.22,,,
9461,278,PT-846,,,,,,,5000,0,0.215,,,
9462,278,PT-846,,,,,,,10000,0,0.21,,,
9463,279,PT-1568,,,,,,,100,0,0.24,,,
9464,279,PT-1568,,,,,,,300,0,0.235,,,
9465,279,PT-1568,,,,,,,500,0,0.23,,,
9466,279,PT-1568,,,,,,,1000,0,0.225,,,
9467,279,PT-1568,,,,,,,2500,0,0.22,,,
9468,279,PT-1568,,,,,,,5000,0,0.215,,,
9469,279,PT-1568,,,,,,,10000,0,0.21,,,
9470,280,PT-1214,,,,,,,100,0,0.24,,,
9471,280,PT-1214,,,,,,,300,0,0.235,,,
9472,280,PT-1214,,,,,,,500,0,0.23,,,
9473,280,PT-1214,,,,,,,1000,0,0.225,,,
9474,280,PT-1214,,,,,,,2500,0,0.22,,,
9475,280,PT-1214,,,,,,,5000,0,0.215,,,
9476,280,PT-1214,,,,,,,10000,0,0.21,,,
9477,281,PT-1527,,,,,,,100,0,0.235,,,
9478,281,PT-1527,,,,,,,300,0,0.23,,,
9479,281,PT-1527,,,,,,,500,0,0.225,,,
9480,281,PT-1527,,,,,,,1000,0,0.22,,,
9481,281,PT-1527,,,,,,,2500,0,0.215,,,
9482,281,PT-1527,,,,,,,5000,0,0.21,,,
9483,281,PT-1527,,,,,,,10000,0,0.205,,,
9484,282,PT-1200,,,,,,,100,0,0.24,,,
9485,282,PT-1200,,,,,,,300,0,0.235,,,
9486,282,PT-1200,,,,,,,500,0,0.23,,,
9487,282,PT-1200,,,,,,,1000,0,0.225,,,
9488,282,PT-1200,,,,,,,2500,0,0.22,,,
9489,282,PT-1200,,,,,,,5000,0,0.215,,,
9490,282,PT-1200,,,,,,,10000,0,0.21,,,
9491,283,PT-2350,,,,,,,100,0,0.24,,,
9492,283,PT-2350,,,,,,,300,0,0.235,,,
9493,283,PT-2350,,,,,,,500,0,0.23,,,
9494,283,PT-2350,,,,,,,1000,0,0.225,,,
9495,283,PT-2350,,,,,,,2500,0,0.22,,,
9496,283,PT-2350,,,,,,,5000,0,0.215,,,
9497,283,PT-2350,,,,,,,10000,0,0.21,,,
9498,284,PT-1690,,,,,,,100,0,0.24,,,
9499,284,PT-1690,,,,,,,300,0,0.235,,,
9500,284,PT-1690,,,,,,,500,0,0.23,,,
9501,284,PT-1690,,,,,,,1000,0,0.225,,,
9502,284,PT-1690,,,,,,,2500,0,0.22,,,
9503,284,PT-1690,,,,,,,5000,0,0.215,,,
9504,284,PT-1690,,,,,,,10000,0,0.21,,,
9505,285,PT-2629,,,,,,,100,0,0.245,,,
9506,285,PT-2629,,,,,,,300,0,0.24,,,
9507,285,PT-2629,,,,,,,500,0,0.235,,,
9508,285,PT-2629,,,,,,,1000,0,0.23,,,
9509,285,PT-2629,,,,,,,2500,0,0.225,,,
9510,285,PT-2629,,,,,,,5000,0,0.22,,,
9511,285,PT-2629,,,,,,,10000,0,0.215,,,
9512,286,PT-2762,,,,,,,100,0,0.26,,,
9513,286,PT-2762,,,,,,,300,0,0.255,,,
9514,286,PT-2762,,,,,,,500,0,0.25,,,
9515,286,PT-2762,,,,,,,1000,0,0.245,,,
9516,286,PT-2762,,,,,,,2500,0,0.24,,,
9517,286,PT-2762,,,,,,,5000,0,0.235,,,
9518,286,PT-2762,,,,,,,10000,0,0.23,,,
9519,287,PT-644,,,,,,,100,0,0.245,,,
9520,287,PT-644,,,,,,,300,0,0.24,,,
9521,287,PT-644,,,,,,,500,0,0.235,,,
9522,287,PT-644,,,,,,,1000,0,0.23,,,
9523,287,PT-644,,,,,,,2500,0,0.225,,,
9524,287,PT-644,,,,,,,5000,0,0.22,,,
9525,287,PT-644,,,,,,,10000,0,0.215,,,
9526,288,PT-821,,,,,,,100,0,0.245,,,
9527,288,PT-821,,,,,,,300,0,0.24,,,
9528,288,PT-821,,,,,,,500,0,0.235,,,
9529,288,PT-821,,,,,,,1000,0,0.23,,,
9530,288,PT-821,,,,,,,2500,0,0.225,,,
9531,288,PT-821,,,,,,,5000,0,0.22,,,
9532,288,PT-821,,,,,,,10000,0,0.215,,,
9533,289,PT-1236,,,,,,,100,0,0.25,,,
9534,289,PT-1236,,,,,,,300,0,0.245,,,
9535,289,PT-1236,,,,,,,500,0,0.24,,,
9536,289,PT-1236,,,,,,,1000,0,0.245,,,
9537,289,PT-1236,,,,,,,2500,0,0.23,,,
9538,289,PT-1236,,,,,,,5000,0,0.225,,,
9539,289,PT-1236,,,,,,,10000,0,0.22,,,
9540,290,PT-1155,,,,,,,100,0,0.255,,,
9541,290,PT-1155,,,,,,,300,0,0.25,,,
9542,290,PT-1155,,,,,,,500,0,0.245,,,
9543,290,PT-1155,,,,,,,1000,0,0.24,,,
9544,290,PT-1155,,,,,,,2500,0,0.235,,,
9545,290,PT-1155,,,,,,,5000,0,0.23,,,
9546,290,PT-1155,,,,,,,10000,0,0.225,,,
9547,291,PT-1225,,,,,,,100,0,0.275,,,
9548,291,PT-1225,,,,,,,300,0,0.27,,,
9549,291,PT-1225,,,,,,,500,0,0.265,,,
9550,291,PT-1225,,,,,,,1000,0,0.26,,,
9551,291,PT-1225,,,,,,,2500,0,0.255,,,
9552,291,PT-1225,,,,,,,5000,0,0.25,,,
9553,291,PT-1225,,,,,,,10000,0,0.245,,,
9554,292,PT-2661,,,,,,,100,0,0.25,,,
9555,292,PT-2661,,,,,,,300,0,0.245,,,
9556,292,PT-2661,,,,,,,500,0,0.24,,,
9557,292,PT-2661,,,,,,,1000,0,0.235,,,
9558,292,PT-2661,,,,,,,2500,0,0.23,,,
9559,292,PT-2661,,,,,,,5000,0,0.225,,,
9560,292,PT-2661,,,,,,,10000,0,0.22,,,
9561,293,PT-577,,,,,,,100,0,0.26,,,
9562,293,PT-577,,,,,,,300,0,0.255,,,
9563,293,PT-577,,,,,,,500,0,0.25,,,
9564,293,PT-577,,,,,,,1000,0,0.245,,,
9565,293,PT-577,,,,,,,2500,0,0.24,,,
9566,293,PT-577,,,,,,,5000,0,0.235,,,
9567,293,PT-577,,,,,,,10000,0,0.23,,,
9568,294,PT-1701,,,,,,,100,0,0.255,,,
9569,294,PT-1701,,,,,,,300,0,0.25,,,
9570,294,PT-1701,,,,,,,500,0,0.245,,,
9571,294,PT-1701,,,,,,,1000,0,0.24,,,
9572,294,PT-1701,,,,,,,2500,0,0.235,,,
9573,294,PT-1701,,,,,,,5000,0,0.23,,,
9574,294,PT-1701,,,,,,,10000,0,0.225,,,
9575,295,PT-2303,,,,,,,100,0,0.255,,,
9576,295,PT-2303,,,,,,,300,0,0.25,,,
9577,295,PT-2303,,,,,,,500,0,0.245,,,
9578,295,PT-2303,,,,,,,1000,0,0.24,,,
9579,295,PT-2303,,,,,,,2500,0,0.235,,,
9580,295,PT-2303,,,,,,,5000,0,0.23,,,
9581,295,PT-2303,,,,,,,10000,0,0.225,,,
9582,296,PT-2147,,,,,,,100,0,0.26,,,
9583,296,PT-2147,,,,,,,300,0,0.255,,,
9584,296,PT-2147,,,,,,,500,0,0.25,,,
9585,296,PT-2147,,,,,,,1000,0,0.245,,,
9586,296,PT-2147,,,,,,,2500,0,0.24,,,
9587,296,PT-2147,,,,,,,5000,0,0.235,,,
9588,296,PT-2147,,,,,,,10000,0,0.23,,,
9589,297,PT-763,,,,,,,100,0,0.275,,,
9590,297,PT-763,,,,,,,300,0,0.27,,,
9591,297,PT-763,,,,,,,500,0,0.265,,,
9592,297,PT-763,,,,,,,1000,0,0.26,,,
9593,297,PT-763,,,,,,,2500,0,0.255,,,
9594,297,PT-763,,,,,,,5000,0,0.25,,,
9595,297,PT-763,,,,,,,10000,0,0.245,,,
9596,298,PT-1408,,,,,,,100,0,0.26,,,
9597,298,PT-1408,,,,,,,300,0,0.255,,,
9598,298,PT-1408,,,,,,,500,0,0.25,,,
9599,298,PT-1408,,,,,,,1000,0,0.245,,,
9600,298,PT-1408,,,,,,,2500,0,0.24,,,
9601,298,PT-1408,,,,,,,5000,0,0.235,,,
9602,298,PT-1408,,,,,,,10000,0,0.23,,,
9603,299,PT-1437,,,,,,,100,0,0.275,,,
9604,299,PT-1437,,,,,,,300,0,0.27,,,
9605,299,PT-1437,,,,,,,500,0,0.265,,,
9606,299,PT-1437,,,,,,,1000,0,0.26,,,
9607,299,PT-1437,,,,,,,2500,0,0.255,,,
9608,299,PT-1437,,,,,,,5000,0,0.25,,,
9609,299,PT-1437,,,,,,,10000,0,0.245,,,
9610,300,PT-1770,,,,,,,100,0,0.275,,,
9611,300,PT-1770,,,,,,,300,0,0.27,,,
9612,300,PT-1770,,,,,,,500,0,0.265,,,
9613,300,PT-1770,,,,,,,1000,0,0.26,,,
9614,300,PT-1770,,,,,,,2500,0,0.255,,,
9615,300,PT-1770,,,,,,,5000,0,0.25,,,
9616,300,PT-1770,,,,,,,10000,0,0.245,,,
9617,301,PT-2215,,,,,,,100,0,0.275,,,
9618,301,PT-2215,,,,,,,300,0,0.27,,,
9619,301,PT-2215,,,,,,,500,0,0.265,,,
9620,301,PT-2215,,,,,,,1000,0,0.26,,,
9621,301,PT-2215,,,,,,,2500,0,0.255,,,
9622,301,PT-2215,,,,,,,5000,0,0.25,,,
9623,301,PT-2215,,,,,,,10000,0,0.245,,,
9624,302,PT-1728,,,,,,,100,0,0.275,,,
9625,302,PT-1728,,,,,,,300,0,0.27,,,
9626,302,PT-1728,,,,,,,500,0,0.265,,,
9627,302,PT-1728,,,,,,,1000,0,0.26,,,
9628,302,PT-1728,,,,,,,2500,0,0.255,,,
9629,302,PT-1728,,,,,,,5000,0,0.25,,,
9630,302,PT-1728,,,,,,,10000,0,0.245,,,
9631,303,PT-1272,,,,,,,100,0,0.275,,,
9632,303,PT-1272,,,,,,,300,0,0.27,,,
9633,303,PT-1272,,,,,,,500,0,0.265,,,
9634,303,PT-1272,,,,,,,1000,0,0.26,,,
9635,303,PT-1272,,,,,,,2500,0,0.255,,,
9636,303,PT-1272,,,,,,,5000,0,0.25,,,
9637,303,PT-1272,,,,,,,10000,0,0.245,,,
9638,304,PT-2209,,,,,,,100,0,0.275,,,
9639,304,PT-2209,,,,,,,300,0,0.27,,,
9640,304,PT-2209,,,,,,,500,0,0.265,,,
9641,304,PT-2209,,,,,,,1000,0,0.26,,,
9642,304,PT-2209,,,,,,,2500,0,0.255,,,
9643,304,PT-2209,,,,,,,5000,0,0.25,,,
9644,304,PT-2209,,,,,,,10000,0,0.245,,,
9645,305,PT-1741,,,,,,,100,0,0.275,,,
9646,305,PT-1741,,,,,,,300,0,0.27,,,
9647,305,PT-1741,,,,,,,500,0,0.265,,,
9648,305,PT-1741,,,,,,,1000,0,0.26,,,
9649,305,PT-1741,,,,,,,2500,0,0.255,,,
9650,305,PT-1741,,,,,,,5000,0,0.25,,,
9651,305,PT-1741,,,,,,,10000,0,0.245,,,
9652,306,PT-903,,,,,,,100,0,0.275,,,
9653,306,PT-903,,,,,,,300,0,0.27,,,
9654,306,PT-903,,,,,,,500,0,0.265,,,
9655,306,PT-903,,,,,,,1000,0,0.26,,,
9656,306,PT-903,,,,,,,2500,0,0.255,,,
9657,306,PT-903,,,,,,,5000,0,0.25,,,
9658,306,PT-903,,,,,,,10000,0,0.245,,,
9659,307,PT-904,,,,,,,100,0,0.275,,,
9660,307,PT-904,,,,,,,300,0,0.27,,,
9661,307,PT-904,,,,,,,500,0,0.265,,,
9662,307,PT-904,,,,,,,1000,0,0.26,,,
9663,307,PT-904,,,,,,,2500,0,0.255,,,
9664,307,PT-904,,,,,,,5000,0,0.25,,,
9665,307,PT-904,,,,,,,10000,0,0.245,,,
9666,308,PT-902,,,,,,,100,0,0.275,,,
9667,308,PT-902,,,,,,,300,0,0.27,,,
9668,308,PT-902,,,,,,,500,0,0.265,,,
9669,308,PT-902,,,,,,,1000,0,0.26,,,
9670,308,PT-902,,,,,,,2500,0,0.255,,,
9671,308,PT-902,,,,,,,5000,0,0.25,,,
9672,308,PT-902,,,,,,,10000,0,0.245,,,
9673,309,PT-1038,,,,,,,100,0,0.275,,,
9674,309,PT-1038,,,,,,,300,0,0.27,,,
9675,309,PT-1038,,,,,,,500,0,0.265,,,
9676,309,PT-1038,,,,,,,1000,0,0.26,,,
9677,309,PT-1038,,,,,,,2500,0,0.255,,,
9678,309,PT-1038,,,,,,,5000,0,0.25,,,
9679,309,PT-1038,,,,,,,10000,0,0.245,,,
9680,310,PT-394,,,,,,,100,0,0.275,,,
9681,310,PT-394,,,,,,,300,0,0.27,,,
9682,310,PT-394,,,,,,,500,0,0.265,,,
9683,310,PT-394,,,,,,,1000,0,0.26,,,
9684,310,PT-394,,,,,,,2500,0,0.255,,,
9685,310,PT-394,,,,,,,5000,0,0.25,,,
9686,310,PT-394,,,,,,,10000,0,0.245,,,
9687,311,PT-984,,,,,,,100,0,0.295,,,
9688,311,PT-984,,,,,,,300,0,0.29,,,
9689,311,PT-984,,,,,,,500,0,0.285,,,
9690,311,PT-984,,,,,,,1000,0,0.28,,,
9691,311,PT-984,,,,,,,2500,0,0.275,,,
9692,311,PT-984,,,,,,,5000,0,0.27,,,
9693,311,PT-984,,,,,,,10000,0,0.265,,,
9694,312,PT-390,,,,,,,100,0,0.275,,,
9695,312,PT-390,,,,,,,300,0,0.27,,,
9696,312,PT-390,,,,,,,500,0,0.265,,,
9697,312,PT-390,,,,,,,1000,0,0.26,,,
9698,312,PT-390,,,,,,,2500,0,0.255,,,
9699,312,PT-390,,,,,,,5000,0,0.25,,,
9700,312,PT-390,,,,,,,10000,0,0.245,,,
9701,313,PT-2478,,,,,,,100,0,0.275,,,
9702,313,PT-2478,,,,,,,300,0,0.27,,,
9703,313,PT-2478,,,,,,,500,0,0.265,,,
9704,313,PT-2478,,,,,,,1000,0,0.26,,,
9705,313,PT-2478,,,,,,,2500,0,0.255,,,
9706,313,PT-2478,,,,,,,5000,0,0.25,,,
9707,313,PT-2478,,,,,,,10000,0,0.245,,,
9708,314,PT-687,,,,,,,100,0,0.275,,,
9709,314,PT-687,,,,,,,300,0,0.27,,,
9710,314,PT-687,,,,,,,500,0,0.265,,,
9711,314,PT-687,,,,,,,1000,0,0.26,,,
9712,314,PT-687,,,,,,,2500,0,0.255,,,
9713,314,PT-687,,,,,,,5000,0,0.25,,,
9714,314,PT-687,,,,,,,10000,0,0.245,,,
9715,315,PT-2579,,,,,,,100,0,0.29,,,
9716,315,PT-2579,,,,,,,300,0,0.285,,,
9717,315,PT-2579,,,,,,,500,0,0.28,,,
9718,315,PT-2579,,,,,,,1000,0,0.275,,,
9719,315,PT-2579,,,,,,,2500,0,0.27,,,
9720,315,PT-2579,,,,,,,5000,0,0.265,,,
9721,315,PT-2579,,,,,,,10000,0,0.26,,,
9722,316,PT-1650,,,,,,,100,0,0.275,,,
9723,316,PT-1650,,,,,,,300,0,0.27,,,
9724,316,PT-1650,,,,,,,500,0,0.265,,,
9725,316,PT-1650,,,,,,,1000,0,0.26,,,
9726,316,PT-1650,,,,,,,2500,0,0.255,,,
9727,316,PT-1650,,,,,,,5000,0,0.25,,,
9728,316,PT-1650,,,,,,,10000,0,0.245,,,
9729,317,PT-1869-A,,,,,,,100,0,0.26,,,
9730,317,PT-1869-A,,,,,,,300,0,0.255,,,
9731,317,PT-1869-A,,,,,,,500,0,0.25,,,
9732,317,PT-1869-A,,,,,,,1000,0,0.245,,,
9733,317,PT-1869-A,,,,,,,2500,0,0.24,,,
9734,317,PT-1869-A,,,,,,,5000,0,0.235,,,
9735,317,PT-1869-A,,,,,,,10000,0,0.23,,,
9736,318,PT-1869-B,,,,,,,100,0,0.26,,,
9737,318,PT-1869-B,,,,,,,300,0,0.255,,,
9738,318,PT-1869-B,,,,,,,500,0,0.25,,,
9739,318,PT-1869-B,,,,,,,1000,0,0.245,,,
9740,318,PT-1869-B,,,,,,,2500,0,0.24,,,
9741,318,PT-1869-B,,,,,,,5000,0,0.235,,,
9742,318,PT-1869-B,,,,,,,10000,0,0.23,,,
9743,319,PT-1869-C,,,,,,,100,0,0.265,,,
9744,319,PT-1869-C,,,,,,,300,0,0.26,,,
9745,319,PT-1869-C,,,,,,,500,0,0.255,,,
9746,319,PT-1869-C,,,,,,,1000,0,0.25,,,
9747,319,PT-1869-C,,,,,,,2500,0,0.245,,,
9748,319,PT-1869-C,,,,,,,5000,0,0.24,,,
9749,319,PT-1869-C,,,,,,,10000,0,0.235,,,
9750,320,PT-1869-D,,,,,,,100,0,0.265,,,
9751,320,PT-1869-D,,,,,,,300,0,0.26,,,
9752,320,PT-1869-D,,,,,,,500,0,0.255,,,
9753,320,PT-1869-D,,,,,,,1000,0,0.25,,,
9754,320,PT-1869-D,,,,,,,2500,0,0.245,,,
9755,320,PT-1869-D,,,,,,,5000,0,0.24,,,
9756,320,PT-1869-D,,,,,,,10000,0,0.235,,,
9757,321,PT-1869-E,,,,,,,100,0,0.27,,,
9758,321,PT-1869-E,,,,,,,300,0,0.265,,,
9759,321,PT-1869-E,,,,,,,500,0,0.26,,,
9760,321,PT-1869-E,,,,,,,1000,0,0.255,,,
9761,321,PT-1869-E,,,,,,,2500,0,0.25,,,
9762,321,PT-1869-E,,,,,,,5000,0,0.245,,,
9763,321,PT-1869-E,,,,,,,10000,0,0.24,,,
9764,322,PT-1869-F,,,,,,,100,0,0.27,,,
9765,322,PT-1869-F,,,,,,,300,0,0.265,,,
9766,322,PT-1869-F,,,,,,,500,0,0.26,,,
9767,322,PT-1869-F,,,,,,,1000,0,0.255,,,
9768,322,PT-1869-F,,,,,,,2500,0,0.25,,,
9769,322,PT-1869-F,,,,,,,5000,0,0.245,,,
9770,322,PT-1869-F,,,,,,,10000,0,0.24,,,
9771,323,PT-2734,,,,,,,100,0,0.275,,,
9772,323,PT-2734,,,,,,,300,0,0.27,,,
9773,323,PT-2734,,,,,,,500,0,0.265,,,
9774,323,PT-2734,,,,,,,1000,0,0.26,,,
9775,323,PT-2734,,,,,,,2500,0,0.255,,,
9776,323,PT-2734,,,,,,,5000,0,0.25,,,
9777,323,PT-2734,,,,,,,10000,0,0.245,,,
9778,324,PT-1518,,,,,,,100,0,0.275,,,
9779,324,PT-1518,,,,,,,300,0,0.27,,,
9780,324,PT-1518,,,,,,,500,0,0.265,,,
9781,324,PT-1518,,,,,,,1000,0,0.26,,,
9782,324,PT-1518,,,,,,,2500,0,0.255,,,
9783,324,PT-1518,,,,,,,5000,0,0.25,,,
9784,324,PT-1518,,,,,,,10000,0,0.245,,,
9785,325,PT-2176,,,,,,,100,0,0.275,,,
9786,325,PT-2176,,,,,,,300,0,0.27,,,
9787,325,PT-2176,,,,,,,500,0,0.265,,,
9788,325,PT-2176,,,,,,,1000,0,0.26,,,
9789,325,PT-2176,,,,,,,2500,0,0.255,,,
9790,325,PT-2176,,,,,,,5000,0,0.25,,,
9791,325,PT-2176,,,,,,,10000,0,0.245,,,
9792,326,PT-2065,,,,,,,100,0,0.285,,,
9793,326,PT-2065,,,,,,,300,0,0.28,,,
9794,326,PT-2065,,,,,,,500,0,0.275,,,
9795,326,PT-2065,,,,,,,1000,0,0.27,,,
9796,326,PT-2065,,,,,,,2500,0,0.265,,,
9797,326,PT-2065,,,,,,,5000,0,0.26,,,
9798,326,PT-2065,,,,,,,10000,0,0.255,,,
9799,327,PT-1513,,,,,,,100,0,0.275,,,
9800,327,PT-1513,,,,,,,300,0,0.27,,,
9801,327,PT-1513,,,,,,,500,0,0.265,,,
9802,327,PT-1513,,,,,,,1000,0,0.26,,,
9803,327,PT-1513,,,,,,,2500,0,0.255,,,
9804,327,PT-1513,,,,,,,5000,0,0.25,,,
9805,327,PT-1513,,,,,,,10000,0,0.245,,,
9806,328,PT-1117,,,,,,,100,0,0.275,,,
9807,328,PT-1117,,,,,,,300,0,0.27,,,
9808,328,PT-1117,,,,,,,500,0,0.265,,,
9809,328,PT-1117,,,,,,,1000,0,0.26,,,
9810,328,PT-1117,,,,,,,2500,0,0.255,,,
9811,328,PT-1117,,,,,,,5000,0,0.25,,,
9812,328,PT-1117,,,,,,,10000,0,0.245,,,
9813,329,PT-2127,,,,,,,100,0,0.27,,,
9814,329,PT-2127,,,,,,,300,0,0.265,,,
9815,329,PT-2127,,,,,,,500,0,0.26,,,
9816,329,PT-2127,,,,,,,1000,0,0.255,,,
9817,329,PT-2127,,,,,,,2500,0,0.25,,,
9818,329,PT-2127,,,,,,,5000,0,0.245,,,
9819,329,PT-2127,,,,,,,10000,0,0.24,,,
9820,330,PT-1677,,,,,,,100,0,0.275,,,
9821,330,PT-1677,,,,,,,300,0,0.27,,,
9822,330,PT-1677,,,,,,,500,0,0.265,,,
9823,330,PT-1677,,,,,,,1000,0,0.26,,,
9824,330,PT-1677,,,,,,,2500,0,0.255,,,
9825,330,PT-1677,,,,,,,5000,0,0.25,,,
9826,330,PT-1677,,,,,,,10000,0,0.245,,,
9827,331,PT-2681,,,,,,,100,0,0.285,,,
9828,331,PT-2681,,,,,,,300,0,0.28,,,
9829,331,PT-2681,,,,,,,500,0,0.275,,,
9830,331,PT-2681,,,,,,,1000,0,0.27,,,
9831,331,PT-2681,,,,,,,2500,0,0.265,,,
9832,331,PT-2681,,,,,,,5000,0,0.26,,,
9833,331,PT-2681,,,,,,,10000,0,0.255,,,
9834,332,PT-2008,,,,,,,100,0,0.29,,,
9835,332,PT-2008,,,,,,,300,0,0.285,,,
9836,332,PT-2008,,,,,,,500,0,0.28,,,
9837,332,PT-2008,,,,,,,1000,0,0.275,,,
9838,332,PT-2008,,,,,,,2500,0,0.27,,,
9839,332,PT-2008,,,,,,,5000,0,0.265,,,
9840,332,PT-2008,,,,,,,10000,0,0.26,,,
9841,333,PT-2029,,,,,,,100,0,0.29,,,
9842,333,PT-2029,,,,,,,300,0,0.285,,,
9843,333,PT-2029,,,,,,,500,0,0.28,,,
9844,333,PT-2029,,,,,,,1000,0,0.275,,,
9845,333,PT-2029,,,,,,,2500,0,0.27,,,
9846,333,PT-2029,,,,,,,5000,0,0.265,,,
9847,333,PT-2029,,,,,,,10000,0,0.26,,,
9848,334,PT-396,,,,,,,100,0,0.285,,,
9849,334,PT-396,,,,,,,300,0,0.28,,,
9850,334,PT-396,,,,,,,500,0,0.275,,,
9851,334,PT-396,,,,,,,1000,0,0.27,,,
9852,334,PT-396,,,,,,,2500,0,0.265,,,
9853,334,PT-396,,,,,,,5000,0,0.26,,,
9854,334,PT-396,,,,,,,10000,0,0.255,,,
9855,335,PT-1122,,,,,,,100,0,0.275,,,
9856,335,PT-1122,,,,,,,300,0,0.27,,,
9857,335,PT-1122,,,,,,,500,0,0.265,,,
9858,335,PT-1122,,,,,,,1000,0,0.26,,,
9859,335,PT-1122,,,,,,,2500,0,0.255,,,
9860,335,PT-1122,,,,,,,5000,0,0.25,,,
9861,335,PT-1122,,,,,,,10000,0,0.245,,,
9862,336,PT-1339,,,,,,,100,0,0.285,,,
9863,336,PT-1339,,,,,,,300,0,0.28,,,
9864,336,PT-1339,,,,,,,500,0,0.275,,,
9865,336,PT-1339,,,,,,,1000,0,0.27,,,
9866,336,PT-1339,,,,,,,2500,0,0.265,,,
9867,336,PT-1339,,,,,,,5000,0,0.26,,,
9868,336,PT-1339,,,,,,,10000,0,0.255,,,
9869,337,PT-381,,,,,,,100,0,0.275,,,
9870,337,PT-381,,,,,,,300,0,0.27,,,
9871,337,PT-381,,,,,,,500,0,0.265,,,
9872,337,PT-381,,,,,,,1000,0,0.26,,,
9873,337,PT-381,,,,,,,2500,0,0.255,,,
9874,337,PT-381,,,,,,,5000,0,0.25,,,
9875,337,PT-381,,,,,,,10000,0,0.245,,,
9876,338,PT-1170,,,,,,,100,0,0.285,,,
9877,338,PT-1170,,,,,,,300,0,0.28,,,
9878,338,PT-1170,,,,,,,500,0,0.275,,,
9879,338,PT-1170,,,,,,,1000,0,0.27,,,
9880,338,PT-1170,,,,,,,2500,0,0.265,,,
9881,338,PT-1170,,,,,,,5000,0,0.26,,,
9882,338,PT-1170,,,,,,,10000,0,0.255,,,
9883,339,PT-2453,,,,,,,100,0,0.285,,,
9884,339,PT-2453,,,,,,,300,0,0.28,,,
9885,339,PT-2453,,,,,,,500,0,0.275,,,
9886,339,PT-2453,,,,,,,1000,0,0.27,,,
9887,339,PT-2453,,,,,,,2500,0,0.265,,,
9888,339,PT-2453,,,,,,,5000,0,0.26,,,
9889,339,PT-2453,,,,,,,10000,0,0.255,,,
9890,340,PT-555,,,,,,,100,0,0.295,,,
9891,340,PT-555,,,,,,,300,0,0.29,,,
9892,340,PT-555,,,,,,,500,0,0.285,,,
9893,340,PT-555,,,,,,,1000,0,0.295,,,
9894,340,PT-555,,,,,,,2500,0,0.275,,,
9895,340,PT-555,,,,,,,5000,0,0.27,,,
9896,340,PT-555,,,,,,,10000,0,0.265,,,
9897,341,PT-964,,,,,,,100,0,0.285,,,
9898,341,PT-964,,,,,,,300,0,0.28,,,
9899,341,PT-964,,,,,,,500,0,0.275,,,
9900,341,PT-964,,,,,,,1000,0,0.27,,,
9901,341,PT-964,,,,,,,2500,0,0.265,,,
9902,341,PT-964,,,,,,,5000,0,0.26,,,
9903,341,PT-964,,,,,,,10000,0,0.255,,,
9904,342,PT-792,,,,,,,100,0,0.29,,,
9905,342,PT-792,,,,,,,300,0,0.285,,,
9906,342,PT-792,,,,,,,500,0,0.28,,,
9907,342,PT-792,,,,,,,1000,0,0.275,,,
9908,342,PT-792,,,,,,,2500,0,0.27,,,
9909,342,PT-792,,,,,,,5000,0,0.265,,,
9910,342,PT-792,,,,,,,10000,0,0.26,,,
9911,343,PT-398,,,,,,,100,0,0.275,,,
9912,343,PT-398,,,,,,,300,0,0.27,,,
9913,343,PT-398,,,,,,,500,0,0.265,,,
9914,343,PT-398,,,,,,,1000,0,0.26,,,
9915,343,PT-398,,,,,,,2500,0,0.255,,,
9916,343,PT-398,,,,,,,5000,0,0.25,,,
9917,343,PT-398,,,,,,,10000,0,0.245,,,
9918,344,PT-1127,,,,,,,100,0,0.285,,,
9919,344,PT-1127,,,,,,,300,0,0.28,,,
9920,344,PT-1127,,,,,,,500,0,0.275,,,
9921,344,PT-1127,,,,,,,1000,0,0.27,,,
9922,344,PT-1127,,,,,,,2500,0,0.265,,,
9923,344,PT-1127,,,,,,,5000,0,0.26,,,
9924,344,PT-1127,,,,,,,10000,0,0.255,,,
9925,345,PT-1998,,,,,,,100,0,0.305,,,
9926,345,PT-1998,,,,,,,300,0,0.3,,,
9927,345,PT-1998,,,,,,,500,0,0.295,,,
9928,345,PT-1998,,,,,,,1000,0,0.29,,,
9929,345,PT-1998,,,,,,,2500,0,0.285,,,
9930,345,PT-1998,,,,,,,5000,0,0.28,,,
9931,345,PT-1998,,,,,,,10000,0,0.275,,,
9932,346,PT-1371,,,,,,,100,0,0.305,,,
9933,346,PT-1371,,,,,,,300,0,0.3,,,
9934,346,PT-1371,,,,,,,500,0,0.295,,,
9935,346,PT-1371,,,,,,,1000,0,0.29,,,
9936,346,PT-1371,,,,,,,2500,0,0.285,,,
9937,346,PT-1371,,,,,,,5000,0,0.28,,,
9938,346,PT-1371,,,,,,,10000,0,0.275,,,
9939,347,PT-2481,,,,,,,100,0,0.31,,,
9940,347,PT-2481,,,,,,,300,0,0.305,,,
9941,347,PT-2481,,,,,,,500,0,0.3,,,
9942,347,PT-2481,,,,,,,1000,0,0.295,,,
9943,347,PT-2481,,,,,,,2500,0,0.29,,,
9944,347,PT-2481,,,,,,,5000,0,0.285,,,
9945,347,PT-2481,,,,,,,10000,0,0.28,,,
9946,348,PT-1942,,,,,,,100,0,0.31,,,
9947,348,PT-1942,,,,,,,300,0,0.305,,,
9948,348,PT-1942,,,,,,,500,0,0.3,,,
9949,348,PT-1942,,,,,,,1000,0,0.295,,,
9950,348,PT-1942,,,,,,,2500,0,0.29,,,
9951,348,PT-1942,,,,,,,5000,0,0.285,,,
9952,348,PT-1942,,,,,,,10000,0,0.28,,,
9953,349,PT-1185,,,,,,,100,0,0.305,,,
9954,349,PT-1185,,,,,,,300,0,0.3,,,
9955,349,PT-1185,,,,,,,500,0,0.295,,,
9956,349,PT-1185,,,,,,,1000,0,0.29,,,
9957,349,PT-1185,,,,,,,2500,0,0.285,,,
9958,349,PT-1185,,,,,,,5000,0,0.28,,,
9959,349,PT-1185,,,,,,,10000,0,0.275,,,
9960,350,PT-700,,,,,,,100,0,0.31,,,
9961,350,PT-700,,,,,,,300,0,0.305,,,
9962,350,PT-700,,,,,,,500,0,0.3,,,
9963,350,PT-700,,,,,,,1000,0,0.295,,,
9964,350,PT-700,,,,,,,2500,0,0.29,,,
9965,350,PT-700,,,,,,,5000,0,0.285,,,
9966,350,PT-700,,,,,,,10000,0,0.28,,,
9967,351,PT-2379,,,,,,,100,0,0.305,,,
9968,351,PT-2379,,,,,,,300,0,0.3,,,
9969,351,PT-2379,,,,,,,500,0,0.295,,,
9970,351,PT-2379,,,,,,,1000,0,0.29,,,
9971,351,PT-2379,,,,,,,2500,0,0.285,,,
9972,351,PT-2379,,,,,,,5000,0,0.28,,,
9973,351,PT-2379,,,,,,,10000,0,0.275,,,
9974,352,PT-1974,,,,,,,100,0,0.305,,,
9975,352,PT-1974,,,,,,,300,0,0.3,,,
9976,352,PT-1974,,,,,,,500,0,0.295,,,
9977,352,PT-1974,,,,,,,1000,0,0.29,,,
9978,352,PT-1974,,,,,,,2500,0,0.285,,,
9979,352,PT-1974,,,,,,,5000,0,0.28,,,
9980,352,PT-1974,,,,,,,10000,0,0.275,,,
9981,353,PT-1648,,,,,,,100,0,0.31,,,
9982,353,PT-1648,,,,,,,300,0,0.305,,,
9983,353,PT-1648,,,,,,,500,0,0.3,,,
9984,353,PT-1648,,,,,,,1000,0,0.295,,,
9985,353,PT-1648,,,,,,,2500,0,0.29,,,
9986,353,PT-1648,,,,,,,5000,0,0.285,,,
9987,353,PT-1648,,,,,,,10000,0,0.28,,,
9988,354,PT-1435,,,,,,,100,0,0.315,,,
9989,354,PT-1435,,,,,,,300,0,0.31,,,
9990,354,PT-1435,,,,,,,500,0,0.305,,,
9991,354,PT-1435,,,,,,,1000,0,0.3,,,
9992,354,PT-1435,,,,,,,2500,0,0.295,,,
9993,354,PT-1435,,,,,,,5000,0,0.29,,,
9994,354,PT-1435,,,,,,,10000,0,0.285,,,
9995,355,PT-839,,,,,,,100,0,0.325,,,
9996,355,PT-839,,,,,,,300,0,0.32,,,
9997,355,PT-839,,,,,,,500,0,0.315,,,
9998,355,PT-839,,,,,,,1000,0,0.31,,,
9999,355,PT-839,,,,,,,2500,0,0.305,,,
10000,355,PT-839,,,,,,,5000,0,0.3,,,
10001,355,PT-839,,,,,,,10000,0,0.295,,,
10002,356,PT-2778,,,,,,,100,0,0.32,,,
10003,356,PT-2778,,,,,,,300,0,0.315,,,
10004,356,PT-2778,,,,,,,500,0,0.31,,,
10005,356,PT-2778,,,,,,,1000,0,0.305,,,
10006,356,PT-2778,,,,,,,2500,0,0.3,,,
10007,356,PT-2778,,,,,,,5000,0,0.295,,,
10008,356,PT-2778,,,,,,,10000,0,0.29,,,
10009,357,PT-1959,,,,,,,100,0,0.33,,,
10010,357,PT-1959,,,,,,,300,0,0.325,,,
10011,357,PT-1959,,,,,,,500,0,0.32,,,
10012,357,PT-1959,,,,,,,1000,0,0.315,,,
10013,357,PT-1959,,,,,,,2500,0,0.31,,,
10014,357,PT-1959,,,,,,,5000,0,0.305,,,
10015,357,PT-1959,,,,,,,10000,0,0.3,,,
10016,358,PT-499,,,,,,,100,0,0.325,,,
10017,358,PT-499,,,,,,,300,0,0.32,,,
10018,358,PT-499,,,,,,,500,0,0.315,,,
10019,358,PT-499,,,,,,,1000,0,0.31,,,
10020,358,PT-499,,,,,,,2500,0,0.305,,,
10021,358,PT-499,,,,,,,5000,0,0.3,,,
10022,358,PT-499,,,,,,,10000,0,0.295,,,
10023,359,PT-1927,,,,,,,100,0,0.32,,,
10024,359,PT-1927,,,,,,,300,0,0.315,,,
10025,359,PT-1927,,,,,,,500,0,0.31,,,
10026,359,PT-1927,,,,,,,1000,0,0.305,,,
10027,359,PT-1927,,,,,,,2500,0,0.3,,,
10028,359,PT-1927,,,,,,,5000,0,0.295,,,
10029,359,PT-1927,,,,,,,10000,0,0.29,,,
10030,360,PT-2076,,,,,,,100,0,0.32,,,
10031,360,PT-2076,,,,,,,300,0,0.315,,,
10032,360,PT-2076,,,,,,,500,0,0.31,,,
10033,360,PT-2076,,,,,,,1000,0,0.305,,,
10034,360,PT-2076,,,,,,,2500,0,0.3,,,
10035,360,PT-2076,,,,,,,5000,0,0.295,,,
10036,360,PT-2076,,,,,,,10000,0,0.29,,,
10037,361,PT-1881,,,,,,,100,0,0.605,,,
10038,361,PT-1881,,,,,,,300,0,0.6,,,
10039,361,PT-1881,,,,,,,500,0,0.595,,,
10040,361,PT-1881,,,,,,,1000,0,0.59,,,
10041,361,PT-1881,,,,,,,2500,0,0.585,,,
10042,361,PT-1881,,,,,,,5000,0,0.58,,,
10043,361,PT-1881,,,,,,,10000,0,0.575,,,
10044,362,PT-1680,,,,,,,100,0,0.385,,,
10045,362,PT-1680,,,,,,,300,0,0.38,,,
10046,362,PT-1680,,,,,,,500,0,0.375,,,
10047,362,PT-1680,,,,,,,1000,0,0.37,,,
10048,362,PT-1680,,,,,,,2500,0,0.365,,,
10049,362,PT-1680,,,,,,,5000,0,0.36,,,
10050,362,PT-1680,,,,,,,10000,0,0.355,,,
10051,363,PT-837,,,,,,,100,0,0.38,,,
10052,363,PT-837,,,,,,,300,0,0.375,,,
10053,363,PT-837,,,,,,,500,0,0.37,,,
10054,363,PT-837,,,,,,,1000,0,0.365,,,
10055,363,PT-837,,,,,,,2500,0,0.36,,,
10056,363,PT-837,,,,,,,5000,0,0.355,,,
10057,363,PT-837,,,,,,,10000,0,0.35,,,
10058,364,PT-958,,,,,,,100,0,0.39,,,
10059,364,PT-958,,,,,,,300,0,0.385,,,
10060,364,PT-958,,,,,,,500,0,0.38,,,
10061,364,PT-958,,,,,,,1000,0,0.375,,,
10062,364,PT-958,,,,,,,2500,0,0.37,,,
10063,364,PT-958,,,,,,,5000,0,0.365,,,
10064,364,PT-958,,,,,,,10000,0,0.36,,,
10065,365,PT-2424,,,,,,,100,0,0.42,,,
10066,365,PT-2424,,,,,,,300,0,0.415,,,
10067,365,PT-2424,,,,,,,500,0,0.41,,,
10068,365,PT-2424,,,,,,,1000,0,0.405,,,
10069,365,PT-2424,,,,,,,2500,0,0.4,,,
10070,365,PT-2424,,,,,,,5000,0,0.395,,,
10071,365,PT-2424,,,,,,,10000,0,0.39,,,
10072,366,PT-2501,,,,,,,100,0,0.43,,,
10073,366,PT-2501,,,,,,,300,0,0.425,,,
10074,366,PT-2501,,,,,,,500,0,0.42,,,
10075,366,PT-2501,,,,,,,1000,0,0.415,,,
10076,366,PT-2501,,,,,,,2500,0,0.41,,,
10077,366,PT-2501,,,,,,,5000,0,0.405,,,
10078,366,PT-2501,,,,,,,10000,0,0.4,,,
10079,367,PT-1821,,,,,,,100,0,0.415,,,
10080,367,PT-1821,,,,,,,300,0,0.41,,,
10081,367,PT-1821,,,,,,,500,0,0.405,,,
10082,367,PT-1821,,,,,,,1000,0,0.4,,,
10083,367,PT-1821,,,,,,,2500,0,0.395,,,
10084,367,PT-1821,,,,,,,5000,0,0.39,,,
10085,367,PT-1821,,,,,,,10000,0,0.385,,,
10086,368,PT-2522,,,,,,,100,0,0.415,,,
10087,368,PT-2522,,,,,,,300,0,0.41,,,
10088,368,PT-2522,,,,,,,500,0,0.405,,,
10089,368,PT-2522,,,,,,,1000,0,0.4,,,
10090,368,PT-2522,,,,,,,2500,0,0.395,,,
10091,368,PT-2522,,,,,,,5000,0,0.39,,,
10092,368,PT-2522,,,,,,,10000,0,0.385,,,
10093,369,PT-2711,,,,,,,100,0,0.415,,,
10094,369,PT-2711,,,,,,,300,0,0.41,,,
10095,369,PT-2711,,,,,,,500,0,0.405,,,
10096,369,PT-2711,,,,,,,1000,0,0.4,,,
10097,369,PT-2711,,,,,,,2500,0,0.395,,,
10098,369,PT-2711,,,,,,,5000,0,0.39,,,
10099,369,PT-2711,,,,,,,10000,0,0.385,,,
10100,370,PT-1266,,,,,,,100,0,0.38,,,
10101,370,PT-1266,,,,,,,300,0,0.375,,,
10102,370,PT-1266,,,,,,,500,0,0.37,,,
10103,370,PT-1266,,,,,,,1000,0,0.365,,,
10104,370,PT-1266,,,,,,,2500,0,0.36,,,
10105,370,PT-1266,,,,,,,5000,0,0.355,,,
10106,370,PT-1266,,,,,,,10000,0,0.35,,,
14729,1062,PT-2412,,,,,,,100,0,0.285,,,
14730,1062,PT-2412,,,,,,,300,0,0.28,,,
14731,1062,PT-2412,,,,,,,500,0,0.275,,,
14732,1062,PT-2412,,,,,,,1000,0,0.27,,,
14733,1062,PT-2412,,,,,,,2500,0,0.265,,,
14734,1062,PT-2412,,,,,,,5000,0,0.26,,,
14735,1062,PT-2412,,,,,,,10000,0,0.255,,,
14736,1063,PT-860,,,,,,,100,0,0.41,,,
14737,1063,PT-860,,,,,,,300,0,0.405,,,
14738,1063,PT-860,,,,,,,500,0,0.4,,,
14739,1063,PT-860,,,,,,,1000,0,0.395,,,
14740,1063,PT-860,,,,,,,2500,0,0.39,,,
14741,1063,PT-860,,,,,,,5000,0,0.385,,,
14742,1063,PT-860,,,,,,,10000,0,0.38,,,
